"","name","ESU","trend","Species.x","pop","Number","Species.y","DPS_short","DPS_WCR","Status","Region","Domain","abn_type","org","shape","col","pos","X","run","shape_run"
"1","Chinook_California Coastal Chinook salmon_freshwtrcrk","California Coastal Chinook salmon",-0.233788004676064,"Chinook","freshwtrcrk",3,"Chinook","California Coastal","Chinook Salmon (California Coastal ESU)","T","CA","CA","index","T:Chinook:California Coastal",19,"#1B9E77",0,1,"late",1
"2","Chinook_California Coastal Chinook salmon_russianriv","California Coastal Chinook salmon",-0.0127461630080917,"Chinook","russianriv",3,"Chinook","California Coastal","Chinook Salmon (California Coastal ESU)","T","CA","CA","index","T:Chinook:California Coastal",19,"#1B9E77",0,2,"late",1
"3","Chinook_California Coastal Chinook salmon_vanarsdale","California Coastal Chinook salmon",0.0183554056847528,"Chinook","vanarsdale",3,"Chinook","California Coastal","Chinook Salmon (California Coastal ESU)","T","CA","CA","index","T:Chinook:California Coastal",19,"#1B9E77",1,3,"late",1
"4","Chinook_Central Valley fall-late fall-run Chinook Salmon_americanriv.chin.fall","Central Valley fall-late fall-run Chinook Salmon",-0.0729082434848132,"Chinook","americanriv.chin.fall",10,"Chinook","Central Valley fall-late-fall Run","Chinook Salmon (Central Valley fall-run ESU)","U","CA","CA","abs","U:Chinook:Central Valley fall-late-fall Run",1,"#1B9E77",0,4,"late",1
"5","Chinook_Central Valley fall-late fall-run Chinook Salmon_battlecrk.chin.fall","Central Valley fall-late fall-run Chinook Salmon",-0.123606115814775,"Chinook","battlecrk.chin.fall",10,"Chinook","Central Valley fall-late-fall Run","Chinook Salmon (Central Valley fall-run ESU)","U","CA","CA","abs","U:Chinook:Central Valley fall-late-fall Run",1,"#1B9E77",0,5,"late",1
"6","Chinook_Central Valley fall-late fall-run Chinook Salmon_battlecrk.chin.latefall","Central Valley fall-late fall-run Chinook Salmon",-0.0235154601580136,"Chinook","battlecrk.chin.latefall",10,"Chinook","Central Valley fall-late-fall Run","Chinook Salmon (Central Valley fall-run ESU)","U","CA","CA","abs","U:Chinook:Central Valley fall-late-fall Run",1,"#1B9E77",0,6,"late",1
"7","Chinook_Central Valley fall-late fall-run Chinook Salmon_buttecrk.chin.fall","Central Valley fall-late fall-run Chinook Salmon",-0.0482862814406115,"Chinook","buttecrk.chin.fall",10,"Chinook","Central Valley fall-late-fall Run","Chinook Salmon (Central Valley fall-run ESU)","U","CA","CA","abs","U:Chinook:Central Valley fall-late-fall Run",1,"#1B9E77",0,7,"late",1
"8","Chinook_Central Valley fall-late fall-run Chinook Salmon_clearcrk.chin.fall","Central Valley fall-late fall-run Chinook Salmon",-0.0145939369474826,"Chinook","clearcrk.chin.fall",10,"Chinook","Central Valley fall-late-fall Run","Chinook Salmon (Central Valley fall-run ESU)","U","CA","CA","abs","U:Chinook:Central Valley fall-late-fall Run",1,"#1B9E77",0,8,"late",1
"9","Chinook_Central Valley fall-late fall-run Chinook Salmon_clearcrk.chin.latefall","Central Valley fall-late fall-run Chinook Salmon",0.0241532121020423,"Chinook","clearcrk.chin.latefall",10,"Chinook","Central Valley fall-late-fall Run","Chinook Salmon (Central Valley fall-run ESU)","U","CA","CA","abs","U:Chinook:Central Valley fall-late-fall Run",1,"#1B9E77",1,9,"late",1
"10","Chinook_Central Valley fall-late fall-run Chinook Salmon_cosumnesriv.chin.fall","Central Valley fall-late fall-run Chinook Salmon",0.0228347632473723,"Chinook","cosumnesriv.chin.fall",10,"Chinook","Central Valley fall-late-fall Run","Chinook Salmon (Central Valley fall-run ESU)","U","CA","CA","abs","U:Chinook:Central Valley fall-late-fall Run",1,"#1B9E77",1,10,"late",1
"11","Chinook_Central Valley fall-late fall-run Chinook Salmon_cottonwoodcrk.chin.fall","Central Valley fall-late fall-run Chinook Salmon",-0.16505804296528,"Chinook","cottonwoodcrk.chin.fall",10,"Chinook","Central Valley fall-late-fall Run","Chinook Salmon (Central Valley fall-run ESU)","U","CA","CA","abs","U:Chinook:Central Valley fall-late-fall Run",1,"#1B9E77",0,11,"late",1
"12","Chinook_Central Valley fall-late fall-run Chinook Salmon_cowcrk.chin.fall","Central Valley fall-late fall-run Chinook Salmon",-0.113403902851906,"Chinook","cowcrk.chin.fall",10,"Chinook","Central Valley fall-late-fall Run","Chinook Salmon (Central Valley fall-run ESU)","U","CA","CA","abs","U:Chinook:Central Valley fall-late-fall Run",1,"#1B9E77",0,12,"late",1
"13","Chinook_Central Valley fall-late fall-run Chinook Salmon_deercrk.chin.fall","Central Valley fall-late fall-run Chinook Salmon",-0.0537470884224612,"Chinook","deercrk.chin.fall",10,"Chinook","Central Valley fall-late-fall Run","Chinook Salmon (Central Valley fall-run ESU)","U","CA","CA","abs","U:Chinook:Central Valley fall-late-fall Run",1,"#1B9E77",0,13,"late",1
"14","Chinook_Central Valley fall-late fall-run Chinook Salmon_featherriv.chin.fall","Central Valley fall-late fall-run Chinook Salmon",-0.0298345990911036,"Chinook","featherriv.chin.fall",10,"Chinook","Central Valley fall-late-fall Run","Chinook Salmon (Central Valley fall-run ESU)","U","CA","CA","abs","U:Chinook:Central Valley fall-late-fall Run",1,"#1B9E77",0,14,"late",1
"15","Chinook_Central Valley fall-late fall-run Chinook Salmon_mercedriv.chin.fall","Central Valley fall-late fall-run Chinook Salmon",-0.0586509328229354,"Chinook","mercedriv.chin.fall",10,"Chinook","Central Valley fall-late-fall Run","Chinook Salmon (Central Valley fall-run ESU)","U","CA","CA","abs","U:Chinook:Central Valley fall-late-fall Run",1,"#1B9E77",0,15,"late",1
"16","Chinook_Central Valley fall-late fall-run Chinook Salmon_millcrk.chin.fall","Central Valley fall-late fall-run Chinook Salmon",5.09608362702067e-06,"Chinook","millcrk.chin.fall",10,"Chinook","Central Valley fall-late-fall Run","Chinook Salmon (Central Valley fall-run ESU)","U","CA","CA","abs","U:Chinook:Central Valley fall-late-fall Run",1,"#1B9E77",1,16,"late",1
"17","Chinook_Central Valley fall-late fall-run Chinook Salmon_mokelumneriv.chin.fall","Central Valley fall-late fall-run Chinook Salmon",0.00768865429959718,"Chinook","mokelumneriv.chin.fall",10,"Chinook","Central Valley fall-late-fall Run","Chinook Salmon (Central Valley fall-run ESU)","U","CA","CA","abs","U:Chinook:Central Valley fall-late-fall Run",1,"#1B9E77",1,17,"late",1
"18","Chinook_Central Valley fall-late fall-run Chinook Salmon_sacramentoriv.chin.fall","Central Valley fall-late fall-run Chinook Salmon",-0.0918767908049779,"Chinook","sacramentoriv.chin.fall",10,"Chinook","Central Valley fall-late-fall Run","Chinook Salmon (Central Valley fall-run ESU)","U","CA","CA","abs","U:Chinook:Central Valley fall-late-fall Run",1,"#1B9E77",0,18,"late",1
"19","Chinook_Central Valley fall-late fall-run Chinook Salmon_sacramentoriv.chin.latefall","Central Valley fall-late fall-run Chinook Salmon",-0.105130074763549,"Chinook","sacramentoriv.chin.latefall",10,"Chinook","Central Valley fall-late-fall Run","Chinook Salmon (Central Valley fall-run ESU)","U","CA","CA","abs","U:Chinook:Central Valley fall-late-fall Run",1,"#1B9E77",0,19,"late",1
"20","Chinook_Central Valley fall-late fall-run Chinook Salmon_stanislausriv.chin.fall","Central Valley fall-late fall-run Chinook Salmon",0.00394169720859917,"Chinook","stanislausriv.chin.fall",10,"Chinook","Central Valley fall-late-fall Run","Chinook Salmon (Central Valley fall-run ESU)","U","CA","CA","abs","U:Chinook:Central Valley fall-late-fall Run",1,"#1B9E77",1,20,"late",1
"21","Chinook_Central Valley fall-late fall-run Chinook Salmon_tuolumneriv.chin.fall","Central Valley fall-late fall-run Chinook Salmon",-0.110422563819175,"Chinook","tuolumneriv.chin.fall",10,"Chinook","Central Valley fall-late-fall Run","Chinook Salmon (Central Valley fall-run ESU)","U","CA","CA","abs","U:Chinook:Central Valley fall-late-fall Run",1,"#1B9E77",0,21,"late",1
"22","Chinook_Central Valley fall-late fall-run Chinook Salmon_yubariv.chin.fall","Central Valley fall-late fall-run Chinook Salmon",-0.0859101716467946,"Chinook","yubariv.chin.fall",10,"Chinook","Central Valley fall-late-fall Run","Chinook Salmon (Central Valley fall-run ESU)","U","CA","CA","abs","U:Chinook:Central Valley fall-late-fall Run",1,"#1B9E77",0,22,"late",1
"23","Chinook_Central Valley Spring-Run Chinook Salmon_antelopecrk.chin.spr","Central Valley Spring-Run Chinook Salmon",-0.0639310820902705,"Chinook","antelopecrk.chin.spr",4,"Chinook","Central Valley Spring Run","Chinook Salmon (Central Valley spring-run ESU)","T","CA","CA","abs","T:Chinook:Central Valley Spring Run",19,"#1B9E77",0,23,"early",19
"24","Chinook_Central Valley Spring-Run Chinook Salmon_battlecrk.chin.spr","Central Valley Spring-Run Chinook Salmon",0.0106712882126238,"Chinook","battlecrk.chin.spr",4,"Chinook","Central Valley Spring Run","Chinook Salmon (Central Valley spring-run ESU)","T","CA","CA","abs","T:Chinook:Central Valley Spring Run",19,"#1B9E77",1,24,"early",19
"25","Chinook_Central Valley Spring-Run Chinook Salmon_bigchicocrk.chin.spr","Central Valley Spring-Run Chinook Salmon",0.0501296595915364,"Chinook","bigchicocrk.chin.spr",4,"Chinook","Central Valley Spring Run","Chinook Salmon (Central Valley spring-run ESU)","T","CA","CA","abs","T:Chinook:Central Valley Spring Run",19,"#1B9E77",1,25,"early",19
"26","Chinook_Central Valley Spring-Run Chinook Salmon_buttecrk.chin.spr","Central Valley Spring-Run Chinook Salmon",-0.0284238385314003,"Chinook","buttecrk.chin.spr",4,"Chinook","Central Valley Spring Run","Chinook Salmon (Central Valley spring-run ESU)","T","CA","CA","abs","T:Chinook:Central Valley Spring Run",19,"#1B9E77",0,26,"early",19
"27","Chinook_Central Valley Spring-Run Chinook Salmon_clearcrk.chin.spr","Central Valley Spring-Run Chinook Salmon",0.0924038897775823,"Chinook","clearcrk.chin.spr",4,"Chinook","Central Valley Spring Run","Chinook Salmon (Central Valley spring-run ESU)","T","CA","CA","abs","T:Chinook:Central Valley Spring Run",19,"#1B9E77",1,27,"early",19
"28","Chinook_Central Valley Spring-Run Chinook Salmon_cottonwoodcrk.chin.spr","Central Valley Spring-Run Chinook Salmon",-0.127272712019746,"Chinook","cottonwoodcrk.chin.spr",4,"Chinook","Central Valley Spring Run","Chinook Salmon (Central Valley spring-run ESU)","T","CA","CA","abs","T:Chinook:Central Valley Spring Run",19,"#1B9E77",0,28,"early",19
"29","Chinook_Central Valley Spring-Run Chinook Salmon_deercrk.chin.spr","Central Valley Spring-Run Chinook Salmon",-0.0977720558736424,"Chinook","deercrk.chin.spr",4,"Chinook","Central Valley Spring Run","Chinook Salmon (Central Valley spring-run ESU)","T","CA","CA","abs","T:Chinook:Central Valley Spring Run",19,"#1B9E77",0,29,"early",19
"30","Chinook_Central Valley Spring-Run Chinook Salmon_millcrk.chin.spr","Central Valley Spring-Run Chinook Salmon",-0.0502392704232402,"Chinook","millcrk.chin.spr",4,"Chinook","Central Valley Spring Run","Chinook Salmon (Central Valley spring-run ESU)","T","CA","CA","abs","T:Chinook:Central Valley Spring Run",19,"#1B9E77",0,30,"early",19
"31","Chinook_Central Valley Spring-Run Chinook Salmon_sacramentoriv.chin.spr","Central Valley Spring-Run Chinook Salmon",-0.150803999957064,"Chinook","sacramentoriv.chin.spr",4,"Chinook","Central Valley Spring Run","Chinook Salmon (Central Valley spring-run ESU)","T","CA","CA","abs","T:Chinook:Central Valley Spring Run",19,"#1B9E77",0,31,"early",19
"32","Chinook_Central Valley Spring-Run Chinook Salmon_yubariv.chin.spr","Central Valley Spring-Run Chinook Salmon",0.0982265676863478,"Chinook","yubariv.chin.spr",4,"Chinook","Central Valley Spring Run","Chinook Salmon (Central Valley spring-run ESU)","T","CA","CA","abs","T:Chinook:Central Valley Spring Run",19,"#1B9E77",1,32,"early",19
"33","Chinook_Chinook Salmon (Mid-Columbia River Spring-Run)_American River Spring Chinook-","Chinook Salmon (Mid-Columbia River Spring-Run)",0.0129570857073753,"Chinook","American River Spring Chinook-",12,"Chinook","Mid-Columbia River Spring Run","Chinook Salmon (Mid-Columbia River Spring-Run)","U","PNW","IC","abs","U:Chinook:Mid-Columbia River Spring Run",1,"#1B9E77",1,33,"early",19
"34","Chinook_Chinook Salmon (Mid-Columbia River Spring-Run)_Klickitat Spring Chinook-","Chinook Salmon (Mid-Columbia River Spring-Run)",7.1127563184262e-05,"Chinook","Klickitat Spring Chinook-",12,"Chinook","Mid-Columbia River Spring Run","Chinook Salmon (Mid-Columbia River Spring-Run)","U","PNW","IC","abs","U:Chinook:Mid-Columbia River Spring Run",1,"#1B9E77",1,34,"early",19
"35","Chinook_Chinook Salmon (Mid-Columbia River Spring-Run)_Middle Fork John Day spring Chinook salmon","Chinook Salmon (Mid-Columbia River Spring-Run)",0.00991000475152286,"Chinook","Middle Fork John Day spring Chinook salmon",12,"Chinook","Mid-Columbia River Spring Run","Chinook Salmon (Mid-Columbia River Spring-Run)","U","PNW","IC","abs","U:Chinook:Mid-Columbia River Spring Run",1,"#1B9E77",1,35,"early",19
"36","Chinook_Chinook Salmon (Mid-Columbia River Spring-Run)_Naches Spring Chinook-","Chinook Salmon (Mid-Columbia River Spring-Run)",-0.0194447521067434,"Chinook","Naches Spring Chinook-",12,"Chinook","Mid-Columbia River Spring Run","Chinook Salmon (Mid-Columbia River Spring-Run)","U","PNW","IC","abs","U:Chinook:Mid-Columbia River Spring Run",1,"#1B9E77",0,36,"early",19
"37","Chinook_Chinook Salmon (Mid-Columbia River Spring-Run)_North Fork John Day spring Chinook salmon","Chinook Salmon (Mid-Columbia River Spring-Run)",-0.00928996193733158,"Chinook","North Fork John Day spring Chinook salmon",12,"Chinook","Mid-Columbia River Spring Run","Chinook Salmon (Mid-Columbia River Spring-Run)","U","PNW","IC","abs","U:Chinook:Mid-Columbia River Spring Run",1,"#1B9E77",0,37,"early",19
"38","Chinook_Chinook Salmon (Mid-Columbia River Spring-Run)_Upper John Day spring Chinook salmon","Chinook Salmon (Mid-Columbia River Spring-Run)",0.0686731049774431,"Chinook","Upper John Day spring Chinook salmon",12,"Chinook","Mid-Columbia River Spring Run","Chinook Salmon (Mid-Columbia River Spring-Run)","U","PNW","IC","abs","U:Chinook:Mid-Columbia River Spring Run",1,"#1B9E77",1,38,"early",19
"39","Chinook_Chinook Salmon (Mid-Columbia River Spring-Run)_Upper Yakima River Spring Chinook-","Chinook Salmon (Mid-Columbia River Spring-Run)",0.0321955745739734,"Chinook","Upper Yakima River Spring Chinook-",12,"Chinook","Mid-Columbia River Spring Run","Chinook Salmon (Mid-Columbia River Spring-Run)","U","PNW","IC","abs","U:Chinook:Mid-Columbia River Spring Run",1,"#1B9E77",1,39,"early",19
"40","Chinook_Deschutes River Summer-Fall-run Chinook Salmon_Deschutes Fall Chinook","Deschutes River Summer-Fall-run Chinook Salmon",0.00747869575518385,"Chinook","Deschutes Fall Chinook",11,"Chinook","Deschutes River Summer-Fall Run","Chinook Salmon (Deschutes River)","U","PNW","IC","abs","U:Chinook:Deschutes River Summer-Fall Run",1,"#1B9E77",1,40,"late",1
"41","Chinook_Lower Columbia River Chinook Salmon ESU_Chinook Salmon (Lower Columbia River ESU) - Clatskanie River Fall-run","Lower Columbia River Chinook Salmon ESU",-0.0359780723839951,"Chinook","Chinook Salmon (Lower Columbia River ESU) - Clatskanie River Fall-run",5,"Chinook","Lower Columbia River","Chinook Salmon (Lower Columbia River ESU) ","T","PNW","LC","abs","T:Chinook:Lower Columbia River",19,"#1B9E77",0,41,"late",1
"42","Chinook_Lower Columbia River Chinook Salmon ESU_Chinook Salmon (Lower Columbia River ESU) - Coweeman River Fall-run","Lower Columbia River Chinook Salmon ESU",-0.0129003795522803,"Chinook","Chinook Salmon (Lower Columbia River ESU) - Coweeman River Fall-run",5,"Chinook","Lower Columbia River","Chinook Salmon (Lower Columbia River ESU) ","T","PNW","LC","abs","T:Chinook:Lower Columbia River",19,"#1B9E77",0,42,"late",1
"43","Chinook_Lower Columbia River Chinook Salmon ESU_Chinook Salmon (Lower Columbia River ESU) - Elochoman River Fall-run","Lower Columbia River Chinook Salmon ESU",-0.0730876250311692,"Chinook","Chinook Salmon (Lower Columbia River ESU) - Elochoman River Fall-run",5,"Chinook","Lower Columbia River","Chinook Salmon (Lower Columbia River ESU) ","T","PNW","LC","abs","T:Chinook:Lower Columbia River",19,"#1B9E77",0,43,"late",1
"44","Chinook_Lower Columbia River Chinook Salmon ESU_Chinook Salmon (Lower Columbia River ESU) - Grays River Fall-run","Lower Columbia River Chinook Salmon ESU",0.0969633063497471,"Chinook","Chinook Salmon (Lower Columbia River ESU) - Grays River Fall-run",5,"Chinook","Lower Columbia River","Chinook Salmon (Lower Columbia River ESU) ","T","PNW","LC","abs","T:Chinook:Lower Columbia River",19,"#1B9E77",1,44,"late",1
"45","Chinook_Lower Columbia River Chinook Salmon ESU_Chinook Salmon (Lower Columbia River ESU) - Kalama River Fall-run","Lower Columbia River Chinook Salmon ESU",-0.00407573022143629,"Chinook","Chinook Salmon (Lower Columbia River ESU) - Kalama River Fall-run",5,"Chinook","Lower Columbia River","Chinook Salmon (Lower Columbia River ESU) ","T","PNW","LC","abs","T:Chinook:Lower Columbia River",19,"#1B9E77",0,45,"late",1
"46","Chinook_Lower Columbia River Chinook Salmon ESU_Chinook Salmon (Lower Columbia River ESU) - Kalama River Spring-run","Lower Columbia River Chinook Salmon ESU",-0.0657836331863406,"Chinook","Chinook Salmon (Lower Columbia River ESU) - Kalama River Spring-run",5,"Chinook","Lower Columbia River","Chinook Salmon (Lower Columbia River ESU) ","T","PNW","LC","abs","T:Chinook:Lower Columbia River",19,"#1B9E77",0,46,"early",19
"47","Chinook_Lower Columbia River Chinook Salmon ESU_Chinook Salmon (Lower Columbia River ESU) - Lewis River Bright","Lower Columbia River Chinook Salmon ESU",0.0188859898638762,"Chinook","Chinook Salmon (Lower Columbia River ESU) - Lewis River Bright",5,"Chinook","Lower Columbia River","Chinook Salmon (Lower Columbia River ESU) ","T","PNW","LC","abs","T:Chinook:Lower Columbia River",19,"#1B9E77",1,47,"late",1
"48","Chinook_Lower Columbia River Chinook Salmon ESU_Chinook Salmon (Lower Columbia River ESU) - Lewis River Fall-run","Lower Columbia River Chinook Salmon ESU",0.027773565140446,"Chinook","Chinook Salmon (Lower Columbia River ESU) - Lewis River Fall-run",5,"Chinook","Lower Columbia River","Chinook Salmon (Lower Columbia River ESU) ","T","PNW","LC","abs","T:Chinook:Lower Columbia River",19,"#1B9E77",1,48,"late",1
"49","Chinook_Lower Columbia River Chinook Salmon ESU_Chinook Salmon (Lower Columbia River ESU) - Lower Cowlitz River Fall-run","Lower Columbia River Chinook Salmon ESU",0.0252946984735762,"Chinook","Chinook Salmon (Lower Columbia River ESU) - Lower Cowlitz River Fall-run",5,"Chinook","Lower Columbia River","Chinook Salmon (Lower Columbia River ESU) ","T","PNW","LC","abs","T:Chinook:Lower Columbia River",19,"#1B9E77",1,49,"late",1
"50","Chinook_Lower Columbia River Chinook Salmon ESU_Chinook Salmon (Lower Columbia River ESU) - Lower Gorge Tributaries Fall-run","Lower Columbia River Chinook Salmon ESU",0.0452781075145039,"Chinook","Chinook Salmon (Lower Columbia River ESU) - Lower Gorge Tributaries Fall-run",5,"Chinook","Lower Columbia River","Chinook Salmon (Lower Columbia River ESU) ","T","PNW","LC","abs","T:Chinook:Lower Columbia River",19,"#1B9E77",1,50,"late",1
"51","Chinook_Lower Columbia River Chinook Salmon ESU_Chinook Salmon (Lower Columbia River ESU) - Mill Creek Fall-run","Lower Columbia River Chinook Salmon ESU",-0.0884091926512256,"Chinook","Chinook Salmon (Lower Columbia River ESU) - Mill Creek Fall-run",5,"Chinook","Lower Columbia River","Chinook Salmon (Lower Columbia River ESU) ","T","PNW","LC","abs","T:Chinook:Lower Columbia River",19,"#1B9E77",0,51,"late",1
"52","Chinook_Lower Columbia River Chinook Salmon ESU_Chinook Salmon (Lower Columbia River ESU) - North Fork Lewis River Spring-run","Lower Columbia River Chinook Salmon ESU",-0.0501028801657829,"Chinook","Chinook Salmon (Lower Columbia River ESU) - North Fork Lewis River Spring-run",5,"Chinook","Lower Columbia River","Chinook Salmon (Lower Columbia River ESU) ","T","PNW","LC","abs","T:Chinook:Lower Columbia River",19,"#1B9E77",0,52,"early",19
"53","Chinook_Lower Columbia River Chinook Salmon ESU_Chinook Salmon (Lower Columbia River ESU) - Sandy River Bright","Lower Columbia River Chinook Salmon ESU",-0.00017364688913854,"Chinook","Chinook Salmon (Lower Columbia River ESU) - Sandy River Bright",5,"Chinook","Lower Columbia River","Chinook Salmon (Lower Columbia River ESU) ","T","PNW","LC","abs","T:Chinook:Lower Columbia River",19,"#1B9E77",0,53,"late",1
"54","Chinook_Lower Columbia River Chinook Salmon ESU_Chinook Salmon (Lower Columbia River ESU) - Toutle River Fall-run","Lower Columbia River Chinook Salmon ESU",-0.0445912429000373,"Chinook","Chinook Salmon (Lower Columbia River ESU) - Toutle River Fall-run",5,"Chinook","Lower Columbia River","Chinook Salmon (Lower Columbia River ESU) ","T","PNW","LC","abs","T:Chinook:Lower Columbia River",19,"#1B9E77",0,54,"late",1
"55","Chinook_Lower Columbia River Chinook Salmon ESU_Chinook Salmon (Lower Columbia River ESU) - Upper Cowlitz River Fall-run","Lower Columbia River Chinook Salmon ESU",0.166554845990464,"Chinook","Chinook Salmon (Lower Columbia River ESU) - Upper Cowlitz River Fall-run",5,"Chinook","Lower Columbia River","Chinook Salmon (Lower Columbia River ESU) ","T","PNW","LC","abs","T:Chinook:Lower Columbia River",19,"#1B9E77",1,55,"late",1
"56","Chinook_Lower Columbia River Chinook Salmon ESU_Chinook Salmon (Lower Columbia River ESU) - Upper Gorge Tributaries Fall-run","Lower Columbia River Chinook Salmon ESU",0.0396501874056789,"Chinook","Chinook Salmon (Lower Columbia River ESU) - Upper Gorge Tributaries Fall-run",5,"Chinook","Lower Columbia River","Chinook Salmon (Lower Columbia River ESU) ","T","PNW","LC","abs","T:Chinook:Lower Columbia River",19,"#1B9E77",1,56,"late",1
"57","Chinook_Lower Columbia River Chinook Salmon ESU_Chinook Salmon (Lower Columbia River ESU) - Washougal River Fall-run","Lower Columbia River Chinook Salmon ESU",-0.0271636647526941,"Chinook","Chinook Salmon (Lower Columbia River ESU) - Washougal River Fall-run",5,"Chinook","Lower Columbia River","Chinook Salmon (Lower Columbia River ESU) ","T","PNW","LC","abs","T:Chinook:Lower Columbia River",19,"#1B9E77",0,57,"late",1
"58","Chinook_Lower Columbia River Chinook Salmon ESU_Chinook Salmon (Lower Columbia River ESU) - White Salmon River Fall-run","Lower Columbia River Chinook Salmon ESU",0.0351182577110082,"Chinook","Chinook Salmon (Lower Columbia River ESU) - White Salmon River Fall-run",5,"Chinook","Lower Columbia River","Chinook Salmon (Lower Columbia River ESU) ","T","PNW","LC","abs","T:Chinook:Lower Columbia River",19,"#1B9E77",1,58,"late",1
"59","Chinook_Oregon Coast Chinook salmon_Alsea fall Chinook","Oregon Coast Chinook salmon",0.00255070314061469,"Chinook","Alsea fall Chinook",13,"Chinook","Oregon Coast","Chinook Salmon (Oregon Coast)","U","PNW","NC","abs","U:Chinook:Oregon Coast",1,"#1B9E77",1,59,"late",1
"60","Chinook_Oregon Coast Chinook salmon_Coos fall Chinook","Oregon Coast Chinook salmon",-0.00519420476816947,"Chinook","Coos fall Chinook",13,"Chinook","Oregon Coast","Chinook Salmon (Oregon Coast)","U","PNW","NC","abs","U:Chinook:Oregon Coast",1,"#1B9E77",0,60,"late",1
"61","Chinook_Oregon Coast Chinook salmon_Coquille fall Chinook","Oregon Coast Chinook salmon",-0.0730501715792334,"Chinook","Coquille fall Chinook",13,"Chinook","Oregon Coast","Chinook Salmon (Oregon Coast)","U","PNW","NC","abs","U:Chinook:Oregon Coast",1,"#1B9E77",0,61,"late",1
"62","Chinook_Oregon Coast Chinook salmon_Elk fall Chinook","Oregon Coast Chinook salmon",-0.0150960143094649,"Chinook","Elk fall Chinook",13,"Chinook","Oregon Coast","Chinook Salmon (Oregon Coast)","U","PNW","NC","abs","U:Chinook:Oregon Coast",1,"#1B9E77",0,62,"late",1
"63","Chinook_Oregon Coast Chinook salmon_Floras fall Chinook","Oregon Coast Chinook salmon",-0.0556915318571386,"Chinook","Floras fall Chinook",13,"Chinook","Oregon Coast","Chinook Salmon (Oregon Coast)","U","PNW","NC","abs","U:Chinook:Oregon Coast",1,"#1B9E77",0,63,"late",1
"64","Chinook_Oregon Coast Chinook salmon_Nehalem fall Chinook","Oregon Coast Chinook salmon",0.00186156906939674,"Chinook","Nehalem fall Chinook",13,"Chinook","Oregon Coast","Chinook Salmon (Oregon Coast)","U","PNW","NC","abs","U:Chinook:Oregon Coast",1,"#1B9E77",1,64,"late",1
"65","Chinook_Oregon Coast Chinook salmon_Nestucca fall Chinook","Oregon Coast Chinook salmon",-0.0385523574920241,"Chinook","Nestucca fall Chinook",13,"Chinook","Oregon Coast","Chinook Salmon (Oregon Coast)","U","PNW","NC","abs","U:Chinook:Oregon Coast",1,"#1B9E77",0,65,"late",1
"66","Chinook_Oregon Coast Chinook salmon_North.Umpqua spring Chinook","Oregon Coast Chinook salmon",-0.00643935757100226,"Chinook","North.Umpqua spring Chinook",13,"Chinook","Oregon Coast","Chinook Salmon (Oregon Coast)","U","PNW","NC","abs","U:Chinook:Oregon Coast",1,"#1B9E77",0,66,"early",19
"67","Chinook_Oregon Coast Chinook salmon_Salmon fall Chinook","Oregon Coast Chinook salmon",-0.000878853961783448,"Chinook","Salmon fall Chinook",13,"Chinook","Oregon Coast","Chinook Salmon (Oregon Coast)","U","PNW","NC","abs","U:Chinook:Oregon Coast",1,"#1B9E77",0,67,"late",1
"68","Chinook_Oregon Coast Chinook salmon_Siletz fall Chinook","Oregon Coast Chinook salmon",-0.0259104261054118,"Chinook","Siletz fall Chinook",13,"Chinook","Oregon Coast","Chinook Salmon (Oregon Coast)","U","PNW","NC","abs","U:Chinook:Oregon Coast",1,"#1B9E77",0,68,"late",1
"69","Chinook_Oregon Coast Chinook salmon_Siuslaw fall Chinook","Oregon Coast Chinook salmon",-0.0353895073451219,"Chinook","Siuslaw fall Chinook",13,"Chinook","Oregon Coast","Chinook Salmon (Oregon Coast)","U","PNW","NC","abs","U:Chinook:Oregon Coast",1,"#1B9E77",0,69,"late",1
"70","Chinook_Oregon Coast Chinook salmon_Sixes fall Chinook","Oregon Coast Chinook salmon",-0.00266877025101328,"Chinook","Sixes fall Chinook",13,"Chinook","Oregon Coast","Chinook Salmon (Oregon Coast)","U","PNW","NC","abs","U:Chinook:Oregon Coast",1,"#1B9E77",0,70,"late",1
"71","Chinook_Oregon Coast Chinook salmon_South.Umpqua spring Chinook","Oregon Coast Chinook salmon",-0.0494292251337016,"Chinook","South.Umpqua spring Chinook",13,"Chinook","Oregon Coast","Chinook Salmon (Oregon Coast)","U","PNW","NC","abs","U:Chinook:Oregon Coast",1,"#1B9E77",0,71,"early",19
"72","Chinook_Oregon Coast Chinook salmon_Tillamook fall Chinook","Oregon Coast Chinook salmon",-0.00803295165593224,"Chinook","Tillamook fall Chinook",13,"Chinook","Oregon Coast","Chinook Salmon (Oregon Coast)","U","PNW","NC","abs","U:Chinook:Oregon Coast",1,"#1B9E77",0,72,"late",1
"73","Chinook_Oregon Coast Chinook salmon_Umpqua fall Chinook","Oregon Coast Chinook salmon",-0.00582591268639128,"Chinook","Umpqua fall Chinook",13,"Chinook","Oregon Coast","Chinook Salmon (Oregon Coast)","U","PNW","NC","abs","U:Chinook:Oregon Coast",1,"#1B9E77",0,73,"late",1
"74","Chinook_Oregon Coast Chinook salmon_Yaquina fall Chinook","Oregon Coast Chinook salmon",0.0096025781629813,"Chinook","Yaquina fall Chinook",13,"Chinook","Oregon Coast","Chinook Salmon (Oregon Coast)","U","PNW","NC","abs","U:Chinook:Oregon Coast",1,"#1B9E77",1,74,"late",1
"75","Chinook_Puget Sound Chinook Salmon ESU_Chinook Salmon (Puget Sound ESU) - Cascade River","Puget Sound Chinook Salmon ESU",-0.00959960497258684,"Chinook","Chinook Salmon (Puget Sound ESU) - Cascade River",6,"Chinook","Puget Sound","Chinook Salmon (Puget Sound ESU) ","T","PNW","NC","abs","T:Chinook:Puget Sound",19,"#1B9E77",0,75,"early",19
"76","Chinook_Puget Sound Chinook Salmon ESU_Chinook Salmon (Puget Sound ESU) - Cedar River","Puget Sound Chinook Salmon ESU",0.0430844924258371,"Chinook","Chinook Salmon (Puget Sound ESU) - Cedar River",6,"Chinook","Puget Sound","Chinook Salmon (Puget Sound ESU) ","T","PNW","NC","abs","T:Chinook:Puget Sound",19,"#1B9E77",1,76,"late",1
"77","Chinook_Puget Sound Chinook Salmon ESU_Chinook Salmon (Puget Sound ESU) - Dungeness River","Puget Sound Chinook Salmon ESU",0.0390835005267042,"Chinook","Chinook Salmon (Puget Sound ESU) - Dungeness River",6,"Chinook","Puget Sound","Chinook Salmon (Puget Sound ESU) ","T","PNW","NC","abs","T:Chinook:Puget Sound",19,"#1B9E77",1,77,"early",19
"78","Chinook_Puget Sound Chinook Salmon ESU_Chinook Salmon (Puget Sound ESU) - Elwha River","Puget Sound Chinook Salmon ESU",0.0621244145523648,"Chinook","Chinook Salmon (Puget Sound ESU) - Elwha River",6,"Chinook","Puget Sound","Chinook Salmon (Puget Sound ESU) ","T","PNW","NC","abs","T:Chinook:Puget Sound",19,"#1B9E77",1,78,"late",1
"79","Chinook_Puget Sound Chinook Salmon ESU_Chinook Salmon (Puget Sound ESU) - Green River","Puget Sound Chinook Salmon ESU",-0.0282689526965832,"Chinook","Chinook Salmon (Puget Sound ESU) - Green River",6,"Chinook","Puget Sound","Chinook Salmon (Puget Sound ESU) ","T","PNW","NC","abs","T:Chinook:Puget Sound",19,"#1B9E77",0,79,"late",1
"80","Chinook_Puget Sound Chinook Salmon ESU_Chinook Salmon (Puget Sound ESU) - Lower Sauk River","Puget Sound Chinook Salmon ESU",-0.00571972411829975,"Chinook","Chinook Salmon (Puget Sound ESU) - Lower Sauk River",6,"Chinook","Puget Sound","Chinook Salmon (Puget Sound ESU) ","T","PNW","NC","abs","T:Chinook:Puget Sound",19,"#1B9E77",0,80,"late",1
"81","Chinook_Puget Sound Chinook Salmon ESU_Chinook Salmon (Puget Sound ESU) - Lower Skagit River","Puget Sound Chinook Salmon ESU",0.0204051909033162,"Chinook","Chinook Salmon (Puget Sound ESU) - Lower Skagit River",6,"Chinook","Puget Sound","Chinook Salmon (Puget Sound ESU) ","T","PNW","NC","abs","T:Chinook:Puget Sound",19,"#1B9E77",1,81,"late",1
"82","Chinook_Puget Sound Chinook Salmon ESU_Chinook Salmon (Puget Sound ESU) - Lower/North Fork/Middle Fork Nooksack","Puget Sound Chinook Salmon ESU",0.0340528782208898,"Chinook","Chinook Salmon (Puget Sound ESU) - Lower/North Fork/Middle Fork Nooksack",6,"Chinook","Puget Sound","Chinook Salmon (Puget Sound ESU) ","T","PNW","NC","abs","T:Chinook:Puget Sound",19,"#1B9E77",1,82,"early",19
"83","Chinook_Puget Sound Chinook Salmon ESU_Chinook Salmon (Puget Sound ESU) - Mid-Hood Canal","Puget Sound Chinook Salmon ESU",0.034169873050894,"Chinook","Chinook Salmon (Puget Sound ESU) - Mid-Hood Canal",6,"Chinook","Puget Sound","Chinook Salmon (Puget Sound ESU) ","T","PNW","NC","abs","T:Chinook:Puget Sound",19,"#1B9E77",1,83,"late",1
"84","Chinook_Puget Sound Chinook Salmon ESU_Chinook Salmon (Puget Sound ESU) - Nisqually River","Puget Sound Chinook Salmon ESU",0.0404898401790637,"Chinook","Chinook Salmon (Puget Sound ESU) - Nisqually River",6,"Chinook","Puget Sound","Chinook Salmon (Puget Sound ESU) ","T","PNW","NC","abs","T:Chinook:Puget Sound",19,"#1B9E77",1,84,"late",1
"85","Chinook_Puget Sound Chinook Salmon ESU_Chinook Salmon (Puget Sound ESU) - North Fork Stillaguamish River","Puget Sound Chinook Salmon ESU",-0.0268006111083446,"Chinook","Chinook Salmon (Puget Sound ESU) - North Fork Stillaguamish River",6,"Chinook","Puget Sound","Chinook Salmon (Puget Sound ESU) ","T","PNW","NC","abs","T:Chinook:Puget Sound",19,"#1B9E77",0,85,"late",1
"86","Chinook_Puget Sound Chinook Salmon ESU_Chinook Salmon (Puget Sound ESU) - Puyallup River","Puget Sound Chinook Salmon ESU",-0.0162346187454911,"Chinook","Chinook Salmon (Puget Sound ESU) - Puyallup River",6,"Chinook","Puget Sound","Chinook Salmon (Puget Sound ESU) ","T","PNW","NC","abs","T:Chinook:Puget Sound",19,"#1B9E77",0,86,"late",1
"87","Chinook_Puget Sound Chinook Salmon ESU_Chinook Salmon (Puget Sound ESU) - Sammamish River","Puget Sound Chinook Salmon ESU",0.0200248270802901,"Chinook","Chinook Salmon (Puget Sound ESU) - Sammamish River",6,"Chinook","Puget Sound","Chinook Salmon (Puget Sound ESU) ","T","PNW","NC","abs","T:Chinook:Puget Sound",19,"#1B9E77",1,87,"late",1
"88","Chinook_Puget Sound Chinook Salmon ESU_Chinook Salmon (Puget Sound ESU) - Skokomish River","Puget Sound Chinook Salmon ESU",0.0209274250218483,"Chinook","Chinook Salmon (Puget Sound ESU) - Skokomish River",6,"Chinook","Puget Sound","Chinook Salmon (Puget Sound ESU) ","T","PNW","NC","abs","T:Chinook:Puget Sound",19,"#1B9E77",1,88,"late",1
"89","Chinook_Puget Sound Chinook Salmon ESU_Chinook Salmon (Puget Sound ESU) - Skykomish River","Puget Sound Chinook Salmon ESU",-0.0213700805442254,"Chinook","Chinook Salmon (Puget Sound ESU) - Skykomish River",6,"Chinook","Puget Sound","Chinook Salmon (Puget Sound ESU) ","T","PNW","NC","abs","T:Chinook:Puget Sound",19,"#1B9E77",0,89,"late",1
"90","Chinook_Puget Sound Chinook Salmon ESU_Chinook Salmon (Puget Sound ESU) - Snoqualmie River","Puget Sound Chinook Salmon ESU",-0.0200417994538427,"Chinook","Chinook Salmon (Puget Sound ESU) - Snoqualmie River",6,"Chinook","Puget Sound","Chinook Salmon (Puget Sound ESU) ","T","PNW","NC","abs","T:Chinook:Puget Sound",19,"#1B9E77",0,90,"late",1
"91","Chinook_Puget Sound Chinook Salmon ESU_Chinook Salmon (Puget Sound ESU) - South Fork Nooksack River","Puget Sound Chinook Salmon ESU",0.0235036909709842,"Chinook","Chinook Salmon (Puget Sound ESU) - South Fork Nooksack River",6,"Chinook","Puget Sound","Chinook Salmon (Puget Sound ESU) ","T","PNW","NC","abs","T:Chinook:Puget Sound",19,"#1B9E77",1,91,"early",19
"92","Chinook_Puget Sound Chinook Salmon ESU_Chinook Salmon (Puget Sound ESU) - South Fork/Mainstem Stillaguamish River","Puget Sound Chinook Salmon ESU",-0.0769249936004512,"Chinook","Chinook Salmon (Puget Sound ESU) - South Fork/Mainstem Stillaguamish River",6,"Chinook","Puget Sound","Chinook Salmon (Puget Sound ESU) ","T","PNW","NC","abs","T:Chinook:Puget Sound",19,"#1B9E77",0,92,"late",1
"93","Chinook_Puget Sound Chinook Salmon ESU_Chinook Salmon (Puget Sound ESU) - Suiattle River","Puget Sound Chinook Salmon ESU",0.0146544010718426,"Chinook","Chinook Salmon (Puget Sound ESU) - Suiattle River",6,"Chinook","Puget Sound","Chinook Salmon (Puget Sound ESU) ","T","PNW","NC","abs","T:Chinook:Puget Sound",19,"#1B9E77",1,93,"early",19
"94","Chinook_Puget Sound Chinook Salmon ESU_Chinook Salmon (Puget Sound ESU) - Upper Sauk River","Puget Sound Chinook Salmon ESU",0.0755869453971551,"Chinook","Chinook Salmon (Puget Sound ESU) - Upper Sauk River",6,"Chinook","Puget Sound","Chinook Salmon (Puget Sound ESU) ","T","PNW","NC","abs","T:Chinook:Puget Sound",19,"#1B9E77",1,94,"early",19
"95","Chinook_Puget Sound Chinook Salmon ESU_Chinook Salmon (Puget Sound ESU) - Upper Skagit River","Puget Sound Chinook Salmon ESU",0.0036421818241352,"Chinook","Chinook Salmon (Puget Sound ESU) - Upper Skagit River",6,"Chinook","Puget Sound","Chinook Salmon (Puget Sound ESU) ","T","PNW","NC","abs","T:Chinook:Puget Sound",19,"#1B9E77",1,95,"late",1
"96","Chinook_Puget Sound Chinook Salmon ESU_Chinook Salmon (Puget Sound ESU) - White River","Puget Sound Chinook Salmon ESU",0.098071561866044,"Chinook","Chinook Salmon (Puget Sound ESU) - White River",6,"Chinook","Puget Sound","Chinook Salmon (Puget Sound ESU) ","T","PNW","NC","abs","T:Chinook:Puget Sound",19,"#1B9E77",1,96,"early",19
"97","Chinook_Sacramento River Winter-run Chinook Salmon_sacramentoriv.chin.win","Sacramento River Winter-run Chinook Salmon",0.00924392606013611,"Chinook","sacramentoriv.chin.win",1,"Chinook","Sacramento River Winter Run","Chinook Salmon (Sacramento River winter-run ESU)","E","CA","CA","abs","E:Chinook:Sacramento River Winter Run",19,"#1B9E77",1,97,"early",19
"98","Chinook_Snake River Fall-run Chinook Salmon ESU_Chinook Salmon (Snake River Fall-run ESU) - Snake River Lower Mainstem","Snake River Fall-run Chinook Salmon ESU",0.153171012194133,"Chinook","Chinook Salmon (Snake River Fall-run ESU) - Snake River Lower Mainstem",7,"Chinook","Snake River Fall-Run","Chinook Salmon (Snake River Fall Run) ","T","PNW","IC","abs","T:Chinook:Snake River Fall-Run",19,"#1B9E77",1,98,"late",1
"99","Chinook_Snake River Spring-Summer-run Chinook Salmon ESU_Chinook Salmon (Snake River Spring/Summer-run ESU) - Bear Valley Creek","Snake River Spring-Summer-run Chinook Salmon ESU",0.0153799898296586,"Chinook","Chinook Salmon (Snake River Spring/Summer-run ESU) - Bear Valley Creek",8,"Chinook","Snake River Spring-Summer Run","Chinook Salmon (Snake River spring/summer-run ESU) ","T","PNW","IC","abs","T:Chinook:Snake River Spring-Summer Run",19,"#1B9E77",1,99,"early",19
"100","Chinook_Snake River Spring-Summer-run Chinook Salmon ESU_Chinook Salmon (Snake River Spring/Summer-run ESU) - Big Creek","Snake River Spring-Summer-run Chinook Salmon ESU",0.0443395029779446,"Chinook","Chinook Salmon (Snake River Spring/Summer-run ESU) - Big Creek",8,"Chinook","Snake River Spring-Summer Run","Chinook Salmon (Snake River spring/summer-run ESU) ","T","PNW","IC","abs","T:Chinook:Snake River Spring-Summer Run",19,"#1B9E77",1,100,"early",19
"101","Chinook_Snake River Spring-Summer-run Chinook Salmon ESU_Chinook Salmon (Snake River Spring/Summer-run ESU) - Camas Creek","Snake River Spring-Summer-run Chinook Salmon ESU",0.022655526054562,"Chinook","Chinook Salmon (Snake River Spring/Summer-run ESU) - Camas Creek",8,"Chinook","Snake River Spring-Summer Run","Chinook Salmon (Snake River spring/summer-run ESU) ","T","PNW","IC","abs","T:Chinook:Snake River Spring-Summer Run",19,"#1B9E77",1,101,"early",19
"102","Chinook_Snake River Spring-Summer-run Chinook Salmon ESU_Chinook Salmon (Snake River Spring/Summer-run ESU) - Catherine Creek","Snake River Spring-Summer-run Chinook Salmon ESU",0.0644833031994562,"Chinook","Chinook Salmon (Snake River Spring/Summer-run ESU) - Catherine Creek",8,"Chinook","Snake River Spring-Summer Run","Chinook Salmon (Snake River spring/summer-run ESU) ","T","PNW","IC","abs","T:Chinook:Snake River Spring-Summer Run",19,"#1B9E77",1,102,"early",19
"103","Chinook_Snake River Spring-Summer-run Chinook Salmon ESU_Chinook Salmon (Snake River Spring/Summer-run ESU) - Chamberlain Creek","Snake River Spring-Summer-run Chinook Salmon ESU",0.0478743503419663,"Chinook","Chinook Salmon (Snake River Spring/Summer-run ESU) - Chamberlain Creek",8,"Chinook","Snake River Spring-Summer Run","Chinook Salmon (Snake River spring/summer-run ESU) ","T","PNW","IC","abs","T:Chinook:Snake River Spring-Summer Run",19,"#1B9E77",1,103,"early",19
"104","Chinook_Snake River Spring-Summer-run Chinook Salmon ESU_Chinook Salmon (Snake River Spring/Summer-run ESU) - East Fork Salmon River","Snake River Spring-Summer-run Chinook Salmon ESU",0.0377475802405465,"Chinook","Chinook Salmon (Snake River Spring/Summer-run ESU) - East Fork Salmon River",8,"Chinook","Snake River Spring-Summer Run","Chinook Salmon (Snake River spring/summer-run ESU) ","T","PNW","IC","abs","T:Chinook:Snake River Spring-Summer Run",19,"#1B9E77",1,104,"early",19
"105","Chinook_Snake River Spring-Summer-run Chinook Salmon ESU_Chinook Salmon (Snake River Spring/Summer-run ESU) - East Fork South Fork Salmon River","Snake River Spring-Summer-run Chinook Salmon ESU",0.106773850068745,"Chinook","Chinook Salmon (Snake River Spring/Summer-run ESU) - East Fork South Fork Salmon River",8,"Chinook","Snake River Spring-Summer Run","Chinook Salmon (Snake River spring/summer-run ESU) ","T","PNW","IC","abs","T:Chinook:Snake River Spring-Summer Run",19,"#1B9E77",1,105,"early",19
"106","Chinook_Snake River Spring-Summer-run Chinook Salmon ESU_Chinook Salmon (Snake River Spring/Summer-run ESU) - Grande Ronde River Upper Mainstem","Snake River Spring-Summer-run Chinook Salmon ESU",0.0922525525194167,"Chinook","Chinook Salmon (Snake River Spring/Summer-run ESU) - Grande Ronde River Upper Mainstem",8,"Chinook","Snake River Spring-Summer Run","Chinook Salmon (Snake River spring/summer-run ESU) ","T","PNW","IC","abs","T:Chinook:Snake River Spring-Summer Run",19,"#1B9E77",1,106,"early",19
"107","Chinook_Snake River Spring-Summer-run Chinook Salmon ESU_Chinook Salmon (Snake River Spring/Summer-run ESU) - Imnaha River Mainstem","Snake River Spring-Summer-run Chinook Salmon ESU",0.000331028712023265,"Chinook","Chinook Salmon (Snake River Spring/Summer-run ESU) - Imnaha River Mainstem",8,"Chinook","Snake River Spring-Summer Run","Chinook Salmon (Snake River spring/summer-run ESU) ","T","PNW","IC","abs","T:Chinook:Snake River Spring-Summer Run",19,"#1B9E77",1,107,"early",19
"108","Chinook_Snake River Spring-Summer-run Chinook Salmon ESU_Chinook Salmon (Snake River Spring/Summer-run ESU) - Lemhi River","Snake River Spring-Summer-run Chinook Salmon ESU",0.0606277986382562,"Chinook","Chinook Salmon (Snake River Spring/Summer-run ESU) - Lemhi River",8,"Chinook","Snake River Spring-Summer Run","Chinook Salmon (Snake River spring/summer-run ESU) ","T","PNW","IC","abs","T:Chinook:Snake River Spring-Summer Run",19,"#1B9E77",1,108,"early",19
"109","Chinook_Snake River Spring-Summer-run Chinook Salmon ESU_Chinook Salmon (Snake River Spring/Summer-run ESU) - Loon Creek","Snake River Spring-Summer-run Chinook Salmon ESU",0.00630214539959194,"Chinook","Chinook Salmon (Snake River Spring/Summer-run ESU) - Loon Creek",8,"Chinook","Snake River Spring-Summer Run","Chinook Salmon (Snake River spring/summer-run ESU) ","T","PNW","IC","abs","T:Chinook:Snake River Spring-Summer Run",19,"#1B9E77",1,109,"early",19
"110","Chinook_Snake River Spring-Summer-run Chinook Salmon ESU_Chinook Salmon (Snake River Spring/Summer-run ESU) - Lostine River","Snake River Spring-Summer-run Chinook Salmon ESU",0.0686545674295155,"Chinook","Chinook Salmon (Snake River Spring/Summer-run ESU) - Lostine River",8,"Chinook","Snake River Spring-Summer Run","Chinook Salmon (Snake River spring/summer-run ESU) ","T","PNW","IC","abs","T:Chinook:Snake River Spring-Summer Run",19,"#1B9E77",1,110,"early",19
"111","Chinook_Snake River Spring-Summer-run Chinook Salmon ESU_Chinook Salmon (Snake River Spring/Summer-run ESU) - Marsh Creek","Snake River Spring-Summer-run Chinook Salmon ESU",0.0565577045391013,"Chinook","Chinook Salmon (Snake River Spring/Summer-run ESU) - Marsh Creek",8,"Chinook","Snake River Spring-Summer Run","Chinook Salmon (Snake River spring/summer-run ESU) ","T","PNW","IC","abs","T:Chinook:Snake River Spring-Summer Run",19,"#1B9E77",1,111,"early",19
"112","Chinook_Snake River Spring-Summer-run Chinook Salmon ESU_Chinook Salmon (Snake River Spring/Summer-run ESU) - Middle Fork Salmon River above Indian Creek","Snake River Spring-Summer-run Chinook Salmon ESU",0.0406268968613206,"Chinook","Chinook Salmon (Snake River Spring/Summer-run ESU) - Middle Fork Salmon River above Indian Creek",8,"Chinook","Snake River Spring-Summer Run","Chinook Salmon (Snake River spring/summer-run ESU) ","T","PNW","IC","abs","T:Chinook:Snake River Spring-Summer Run",19,"#1B9E77",1,112,"early",19
"113","Chinook_Snake River Spring-Summer-run Chinook Salmon ESU_Chinook Salmon (Snake River Spring/Summer-run ESU) - Middle Fork Salmon River below Indian Creek","Snake River Spring-Summer-run Chinook Salmon ESU",-0.0353959025736402,"Chinook","Chinook Salmon (Snake River Spring/Summer-run ESU) - Middle Fork Salmon River below Indian Creek",8,"Chinook","Snake River Spring-Summer Run","Chinook Salmon (Snake River spring/summer-run ESU) ","T","PNW","IC","abs","T:Chinook:Snake River Spring-Summer Run",19,"#1B9E77",0,113,"early",19
"114","Chinook_Snake River Spring-Summer-run Chinook Salmon ESU_Chinook Salmon (Snake River Spring/Summer-run ESU) - Minam River","Snake River Spring-Summer-run Chinook Salmon ESU",0.0363378914704644,"Chinook","Chinook Salmon (Snake River Spring/Summer-run ESU) - Minam River",8,"Chinook","Snake River Spring-Summer Run","Chinook Salmon (Snake River spring/summer-run ESU) ","T","PNW","IC","abs","T:Chinook:Snake River Spring-Summer Run",19,"#1B9E77",1,114,"early",19
"115","Chinook_Snake River Spring-Summer-run Chinook Salmon ESU_Chinook Salmon (Snake River Spring/Summer-run ESU) - North Fork Salmon River","Snake River Spring-Summer-run Chinook Salmon ESU",0.0595780044845956,"Chinook","Chinook Salmon (Snake River Spring/Summer-run ESU) - North Fork Salmon River",8,"Chinook","Snake River Spring-Summer Run","Chinook Salmon (Snake River spring/summer-run ESU) ","T","PNW","IC","abs","T:Chinook:Snake River Spring-Summer Run",19,"#1B9E77",1,115,"early",19
"116","Chinook_Snake River Spring-Summer-run Chinook Salmon ESU_Chinook Salmon (Snake River Spring/Summer-run ESU) - Pahsimeroi River","Snake River Spring-Summer-run Chinook Salmon ESU",0.0485259200019101,"Chinook","Chinook Salmon (Snake River Spring/Summer-run ESU) - Pahsimeroi River",8,"Chinook","Snake River Spring-Summer Run","Chinook Salmon (Snake River spring/summer-run ESU) ","T","PNW","IC","abs","T:Chinook:Snake River Spring-Summer Run",19,"#1B9E77",1,116,"early",19
"117","Chinook_Snake River Spring-Summer-run Chinook Salmon ESU_Chinook Salmon (Snake River Spring/Summer-run ESU) - Salmon River Lower Mainstem below Redfish Lake","Snake River Spring-Summer-run Chinook Salmon ESU",-0.0207114598648862,"Chinook","Chinook Salmon (Snake River Spring/Summer-run ESU) - Salmon River Lower Mainstem below Redfish Lake",8,"Chinook","Snake River Spring-Summer Run","Chinook Salmon (Snake River spring/summer-run ESU) ","T","PNW","IC","abs","T:Chinook:Snake River Spring-Summer Run",19,"#1B9E77",0,117,"early",19
"118","Chinook_Snake River Spring-Summer-run Chinook Salmon ESU_Chinook Salmon (Snake River Spring/Summer-run ESU) - Salmon River Upper Mainstem above Redfish Lake","Snake River Spring-Summer-run Chinook Salmon ESU",0.057874326120829,"Chinook","Chinook Salmon (Snake River Spring/Summer-run ESU) - Salmon River Upper Mainstem above Redfish Lake",8,"Chinook","Snake River Spring-Summer Run","Chinook Salmon (Snake River spring/summer-run ESU) ","T","PNW","IC","abs","T:Chinook:Snake River Spring-Summer Run",19,"#1B9E77",1,118,"early",19
"119","Chinook_Snake River Spring-Summer-run Chinook Salmon ESU_Chinook Salmon (Snake River Spring/Summer-run ESU) - Secesh River","Snake River Spring-Summer-run Chinook Salmon ESU",0.0436508614435268,"Chinook","Chinook Salmon (Snake River Spring/Summer-run ESU) - Secesh River",8,"Chinook","Snake River Spring-Summer Run","Chinook Salmon (Snake River spring/summer-run ESU) ","T","PNW","IC","abs","T:Chinook:Snake River Spring-Summer Run",19,"#1B9E77",1,119,"early",19
"120","Chinook_Snake River Spring-Summer-run Chinook Salmon ESU_Chinook Salmon (Snake River Spring/Summer-run ESU) - South Fork Salmon River Mainstem","Snake River Spring-Summer-run Chinook Salmon ESU",-0.0272527221083522,"Chinook","Chinook Salmon (Snake River Spring/Summer-run ESU) - South Fork Salmon River Mainstem",8,"Chinook","Snake River Spring-Summer Run","Chinook Salmon (Snake River spring/summer-run ESU) ","T","PNW","IC","abs","T:Chinook:Snake River Spring-Summer Run",19,"#1B9E77",0,120,"early",19
"121","Chinook_Snake River Spring-Summer-run Chinook Salmon ESU_Chinook Salmon (Snake River Spring/Summer-run ESU) - Sulphur Creek","Snake River Spring-Summer-run Chinook Salmon ESU",0.024493072296502,"Chinook","Chinook Salmon (Snake River Spring/Summer-run ESU) - Sulphur Creek",8,"Chinook","Snake River Spring-Summer Run","Chinook Salmon (Snake River spring/summer-run ESU) ","T","PNW","IC","abs","T:Chinook:Snake River Spring-Summer Run",19,"#1B9E77",1,121,"early",19
"122","Chinook_Snake River Spring-Summer-run Chinook Salmon ESU_Chinook Salmon (Snake River Spring/Summer-run ESU) - Tucannon River","Snake River Spring-Summer-run Chinook Salmon ESU",0.00592621671423438,"Chinook","Chinook Salmon (Snake River Spring/Summer-run ESU) - Tucannon River",8,"Chinook","Snake River Spring-Summer Run","Chinook Salmon (Snake River spring/summer-run ESU) ","T","PNW","IC","abs","T:Chinook:Snake River Spring-Summer Run",19,"#1B9E77",1,122,"early",19
"123","Chinook_Snake River Spring-Summer-run Chinook Salmon ESU_Chinook Salmon (Snake River Spring/Summer-run ESU) - Valley Creek","Snake River Spring-Summer-run Chinook Salmon ESU",0.0663333273215889,"Chinook","Chinook Salmon (Snake River Spring/Summer-run ESU) - Valley Creek",8,"Chinook","Snake River Spring-Summer Run","Chinook Salmon (Snake River spring/summer-run ESU) ","T","PNW","IC","abs","T:Chinook:Snake River Spring-Summer Run",19,"#1B9E77",1,123,"early",19
"124","Chinook_Snake River Spring-Summer-run Chinook Salmon ESU_Chinook Salmon (Snake River Spring/Summer-run ESU) - Wenaha River","Snake River Spring-Summer-run Chinook Salmon ESU",0.0180418061756104,"Chinook","Chinook Salmon (Snake River Spring/Summer-run ESU) - Wenaha River",8,"Chinook","Snake River Spring-Summer Run","Chinook Salmon (Snake River spring/summer-run ESU) ","T","PNW","IC","abs","T:Chinook:Snake River Spring-Summer Run",19,"#1B9E77",1,124,"early",19
"125","Chinook_Snake River Spring-Summer-run Chinook Salmon ESU_Chinook Salmon (Snake River Spring/Summer-run ESU) - Yankee Fork","Snake River Spring-Summer-run Chinook Salmon ESU",0.0846203625994594,"Chinook","Chinook Salmon (Snake River Spring/Summer-run ESU) - Yankee Fork",8,"Chinook","Snake River Spring-Summer Run","Chinook Salmon (Snake River spring/summer-run ESU) ","T","PNW","IC","abs","T:Chinook:Snake River Spring-Summer Run",19,"#1B9E77",1,125,"early",19
"126","Chinook_Southern Oregon Northern California Chinook salmon_Blue Creek (Klamath) fall Chinook","Southern Oregon Northern California Chinook salmon",-0.0154154096800229,"Chinook","Blue Creek (Klamath) fall Chinook",14,"Chinook","Southern Oregon Northern California","Chinook Salmon (Southern Oregon Northern California Coast)","U","PNW","NC","abs","U:Chinook:Southern Oregon Northern California",1,"#1B9E77",0,126,"late",1
"127","Chinook_Southern Oregon Northern California Chinook salmon_Chetco fall Chinook","Southern Oregon Northern California Chinook salmon",-0.0390029388552708,"Chinook","Chetco fall Chinook",14,"Chinook","Southern Oregon Northern California","Chinook Salmon (Southern Oregon Northern California Coast)","U","PNW","NC","abs","U:Chinook:Southern Oregon Northern California",1,"#1B9E77",0,127,"late",1
"128","Chinook_Southern Oregon Northern California Chinook salmon_Hunter fall Chinook","Southern Oregon Northern California Chinook salmon",-0.0574637848424094,"Chinook","Hunter fall Chinook",14,"Chinook","Southern Oregon Northern California","Chinook Salmon (Southern Oregon Northern California Coast)","U","PNW","NC","abs","U:Chinook:Southern Oregon Northern California",1,"#1B9E77",0,128,"late",1
"129","Chinook_Southern Oregon Northern California Chinook salmon_lower Rogue fall Chinook","Southern Oregon Northern California Chinook salmon",-0.0293614408679038,"Chinook","lower Rogue fall Chinook",14,"Chinook","Southern Oregon Northern California","Chinook Salmon (Southern Oregon Northern California Coast)","U","PNW","NC","abs","U:Chinook:Southern Oregon Northern California",1,"#1B9E77",0,129,"late",1
"130","Chinook_Southern Oregon Northern California Chinook salmon_Pistol fall Chinook","Southern Oregon Northern California Chinook salmon",-0.0526074028835315,"Chinook","Pistol fall Chinook",14,"Chinook","Southern Oregon Northern California","Chinook Salmon (Southern Oregon Northern California Coast)","U","PNW","NC","abs","U:Chinook:Southern Oregon Northern California",1,"#1B9E77",0,130,"late",1
"131","Chinook_Southern Oregon Northern California Chinook salmon_Rogue fall Chinook","Southern Oregon Northern California Chinook salmon",-0.0226138722062084,"Chinook","Rogue fall Chinook",14,"Chinook","Southern Oregon Northern California","Chinook Salmon (Southern Oregon Northern California Coast)","U","PNW","NC","abs","U:Chinook:Southern Oregon Northern California",1,"#1B9E77",0,131,"late",1
"132","Chinook_Southern Oregon Northern California Chinook salmon_Rogue spring Chinook","Southern Oregon Northern California Chinook salmon",-0.00282186114253029,"Chinook","Rogue spring Chinook",14,"Chinook","Southern Oregon Northern California","Chinook Salmon (Southern Oregon Northern California Coast)","U","PNW","NC","abs","U:Chinook:Southern Oregon Northern California",1,"#1B9E77",0,132,"early",19
"133","Chinook_Southern Oregon Northern California Chinook salmon_Winchuck fall Chinook","Southern Oregon Northern California Chinook salmon",-0.0220551544865655,"Chinook","Winchuck fall Chinook",14,"Chinook","Southern Oregon Northern California","Chinook Salmon (Southern Oregon Northern California Coast)","U","PNW","NC","abs","U:Chinook:Southern Oregon Northern California",1,"#1B9E77",0,133,"late",1
"134","Chinook_Up. Klamath - Trinity River Chinook_klamathriv_boguscrk.chinook.fall","Up. Klamath - Trinity River Chinook",-0.0812197492434795,"Chinook","klamathriv",15,"Chinook","Up. Klamath - Trinity River","Chinook Salmon (Upper Klamath and Trinity Rivers)","U","CA","CA","abs","U:Chinook:Up. Klamath - Trinity River",1,"#1B9E77",0,134,"late",1
"135","Chinook_Up. Klamath - Trinity River Chinook_klamathriv_salmonriv.chinook.spring","Up. Klamath - Trinity River Chinook",-0.0352262938101859,"Chinook","klamathriv",15,"Chinook","Up. Klamath - Trinity River","Chinook Salmon (Upper Klamath and Trinity Rivers)","U","CA","CA","abs","U:Chinook:Up. Klamath - Trinity River",1,"#1B9E77",0,135,"early",19
"136","Chinook_Up. Klamath - Trinity River Chinook_klamathriv_scottriv.chinook.fall","Up. Klamath - Trinity River Chinook",-0.0385362826790713,"Chinook","klamathriv",15,"Chinook","Up. Klamath - Trinity River","Chinook Salmon (Upper Klamath and Trinity Rivers)","U","CA","CA","abs","U:Chinook:Up. Klamath - Trinity River",1,"#1B9E77",0,136,"late",1
"137","Chinook_Up. Klamath - Trinity River Chinook_klamathriv_shastariv.chinook.fall","Up. Klamath - Trinity River Chinook",0.040445877983858,"Chinook","klamathriv",15,"Chinook","Up. Klamath - Trinity River","Chinook Salmon (Upper Klamath and Trinity Rivers)","U","CA","CA","abs","U:Chinook:Up. Klamath - Trinity River",1,"#1B9E77",1,137,"late",1
"138","Chinook_Up. Klamath - Trinity River Chinook_klamathriv_southforktrinity.chinook.fall","Up. Klamath - Trinity River Chinook",-0.098407621385158,"Chinook","klamathriv",15,"Chinook","Up. Klamath - Trinity River","Chinook Salmon (Upper Klamath and Trinity Rivers)","U","CA","CA","abs","U:Chinook:Up. Klamath - Trinity River",1,"#1B9E77",0,138,"late",1
"139","Chinook_Up. Klamath - Trinity River Chinook_klamathriv_upperklamath.chinook.fall","Up. Klamath - Trinity River Chinook",0.0239462964562078,"Chinook","klamathriv",15,"Chinook","Up. Klamath - Trinity River","Chinook Salmon (Upper Klamath and Trinity Rivers)","U","CA","CA","abs","U:Chinook:Up. Klamath - Trinity River",1,"#1B9E77",1,139,"late",1
"140","Chinook_Up. Klamath - Trinity River Chinook_klamathriv_uppertrinity.chinook.fall","Up. Klamath - Trinity River Chinook",-0.0381185469325276,"Chinook","klamathriv",15,"Chinook","Up. Klamath - Trinity River","Chinook Salmon (Upper Klamath and Trinity Rivers)","U","CA","CA","abs","U:Chinook:Up. Klamath - Trinity River",1,"#1B9E77",0,140,"late",1
"141","Chinook_Up. Klamath - Trinity River Chinook_klamathriv_uppertrinity.chinook.spring","Up. Klamath - Trinity River Chinook",-0.0522972139981397,"Chinook","klamathriv",15,"Chinook","Up. Klamath - Trinity River","Chinook Salmon (Upper Klamath and Trinity Rivers)","U","CA","CA","abs","U:Chinook:Up. Klamath - Trinity River",1,"#1B9E77",0,141,"early",19
"142","Chinook_Upper Columbia River Spring-run Chinook Salmon ESU_Chinook Salmon (Upper Columbia River Spring-run ESU) - Entiat River","Upper Columbia River Spring-run Chinook Salmon ESU",0.0343981452590576,"Chinook","Chinook Salmon (Upper Columbia River Spring-run ESU) - Entiat River",2,"Chinook","Upper Columbia River Spring Run","Chinook Salmon (Upper Columbia River ESU) ","E","PNW","IC","abs","E:Chinook:Upper Columbia River Spring Run",19,"#1B9E77",1,142,"early",19
"143","Chinook_Upper Columbia River Spring-run Chinook Salmon ESU_Chinook Salmon (Upper Columbia River Spring-run ESU) - Methow River","Upper Columbia River Spring-run Chinook Salmon ESU",0.0581808663040675,"Chinook","Chinook Salmon (Upper Columbia River Spring-run ESU) - Methow River",2,"Chinook","Upper Columbia River Spring Run","Chinook Salmon (Upper Columbia River ESU) ","E","PNW","IC","abs","E:Chinook:Upper Columbia River Spring Run",19,"#1B9E77",1,143,"early",19
"144","Chinook_Upper Columbia River Spring-run Chinook Salmon ESU_Chinook Salmon (Upper Columbia River Spring-run ESU) - Wenatchee River","Upper Columbia River Spring-run Chinook Salmon ESU",0.0646969112135195,"Chinook","Chinook Salmon (Upper Columbia River Spring-run ESU) - Wenatchee River",2,"Chinook","Upper Columbia River Spring Run","Chinook Salmon (Upper Columbia River ESU) ","E","PNW","IC","abs","E:Chinook:Upper Columbia River Spring Run",19,"#1B9E77",1,144,"early",19
"145","Chinook_Upper Columbia River Summer and Fall Run Chinook_Big White Salmon River Late Fall (Bright) Chinook-","Upper Columbia River Summer and Fall Run Chinook",0.0279536506035998,"Chinook","Big White Salmon River Late Fall (Bright) Chinook-",16,"Chinook","Upper Columbia River Summer and Fall Run","Chinook Salmon (Upper-Columbia River Summer-fall-Run)","U","PNW","IC","abs","U:Chinook:Upper Columbia River Summer and Fall Run",1,"#1B9E77",1,145,"late",1
"146","Chinook_Upper Columbia River Summer and Fall Run Chinook_Hanford Reach Fall Chinook-","Upper Columbia River Summer and Fall Run Chinook",0.0309723109505077,"Chinook","Hanford Reach Fall Chinook-",16,"Chinook","Upper Columbia River Summer and Fall Run","Chinook Salmon (Upper-Columbia River Summer-fall-Run)","U","PNW","IC","abs","U:Chinook:Upper Columbia River Summer and Fall Run",1,"#1B9E77",1,146,"late",1
"147","Chinook_Upper Columbia River Summer and Fall Run Chinook_Klickitat Fall (Tule) Chinook-","Upper Columbia River Summer and Fall Run Chinook",-0.158004185291505,"Chinook","Klickitat Fall (Tule) Chinook-",16,"Chinook","Upper Columbia River Summer and Fall Run","Chinook Salmon (Upper-Columbia River Summer-fall-Run)","U","PNW","IC","abs","U:Chinook:Upper Columbia River Summer and Fall Run",1,"#1B9E77",0,147,"late",1
"148","Chinook_Upper Columbia River Summer and Fall Run Chinook_Klickitat Late Fall (Bright) Chinook-","Upper Columbia River Summer and Fall Run Chinook",-0.0422862810079018,"Chinook","Klickitat Late Fall (Bright) Chinook-",16,"Chinook","Upper Columbia River Summer and Fall Run","Chinook Salmon (Upper-Columbia River Summer-fall-Run)","U","PNW","IC","abs","U:Chinook:Upper Columbia River Summer and Fall Run",1,"#1B9E77",0,148,"late",1
"149","Chinook_Upper Columbia River Summer and Fall Run Chinook_Lake Chelan Summer Chinook-","Upper Columbia River Summer and Fall Run Chinook",-0.0876037752100616,"Chinook","Lake Chelan Summer Chinook-",16,"Chinook","Upper Columbia River Summer and Fall Run","Chinook Salmon (Upper-Columbia River Summer-fall-Run)","U","PNW","IC","abs","U:Chinook:Upper Columbia River Summer and Fall Run",1,"#1B9E77",0,149,"early",19
"150","Chinook_Upper Columbia River Summer and Fall Run Chinook_Methow Summer Chinook-","Upper Columbia River Summer and Fall Run Chinook",0.00821465786067034,"Chinook","Methow Summer Chinook-",16,"Chinook","Upper Columbia River Summer and Fall Run","Chinook Salmon (Upper-Columbia River Summer-fall-Run)","U","PNW","IC","abs","U:Chinook:Upper Columbia River Summer and Fall Run",1,"#1B9E77",1,150,"early",19
"151","Chinook_Upper Columbia River Summer and Fall Run Chinook_Okanogan Summer Chinook-","Upper Columbia River Summer and Fall Run Chinook",0.000629546887356516,"Chinook","Okanogan Summer Chinook-",16,"Chinook","Upper Columbia River Summer and Fall Run","Chinook Salmon (Upper-Columbia River Summer-fall-Run)","U","PNW","IC","abs","U:Chinook:Upper Columbia River Summer and Fall Run",1,"#1B9E77",1,151,"early",19
"152","Chinook_Upper Columbia River Summer and Fall Run Chinook_Upper Gorge (Columbia) Late Fall (Bright) Chinook-Little White Salmon River (Drano) Late Fall (Bright) Chinook","Upper Columbia River Summer and Fall Run Chinook",0.0981987890421086,"Chinook","Upper Gorge (Columbia) Late Fall (Bright) Chinook-Little White Salmon River (Drano) Late Fall (Bright) Chinook",16,"Chinook","Upper Columbia River Summer and Fall Run","Chinook Salmon (Upper-Columbia River Summer-fall-Run)","U","PNW","IC","abs","U:Chinook:Upper Columbia River Summer and Fall Run",1,"#1B9E77",1,152,"late",1
"153","Chinook_Upper Columbia River Summer and Fall Run Chinook_Upper Gorge (Columbia) Late Fall (Bright) Chinook-Wind River Late Fall (Bright) Chinook","Upper Columbia River Summer and Fall Run Chinook",0.155625592201419,"Chinook","Upper Gorge (Columbia) Late Fall (Bright) Chinook-Wind River Late Fall (Bright) Chinook",16,"Chinook","Upper Columbia River Summer and Fall Run","Chinook Salmon (Upper-Columbia River Summer-fall-Run)","U","PNW","IC","abs","U:Chinook:Upper Columbia River Summer and Fall Run",1,"#1B9E77",1,153,"late",1
"154","Chinook_Upper Columbia River Summer and Fall Run Chinook_Wenatchee Summer Chinook-","Upper Columbia River Summer and Fall Run Chinook",-0.0221454069374748,"Chinook","Wenatchee Summer Chinook-",16,"Chinook","Upper Columbia River Summer and Fall Run","Chinook Salmon (Upper-Columbia River Summer-fall-Run)","U","PNW","IC","abs","U:Chinook:Upper Columbia River Summer and Fall Run",1,"#1B9E77",0,154,"early",19
"155","Chinook_Upper Columbia River Summer and Fall Run Chinook_Yakima River Bright Fall Chinook-","Upper Columbia River Summer and Fall Run Chinook",-0.03689848183752,"Chinook","Yakima River Bright Fall Chinook-",16,"Chinook","Upper Columbia River Summer and Fall Run","Chinook Salmon (Upper-Columbia River Summer-fall-Run)","U","PNW","IC","abs","U:Chinook:Upper Columbia River Summer and Fall Run",1,"#1B9E77",0,155,"late",1
"156","Chinook_Upper Willamette River Chinook Salmon ESU_Salmon (Chinook (Upper Willamette River ESU) - Willamette Falls esc","Upper Willamette River Chinook Salmon ESU",-0.00561495686617615,"Chinook","Salmon (Chinook (Upper Willamette River ESU) - Willamette Falls esc",9,"Chinook","Upper Willamette River","Chinook Salmon (Upper Willamette River ESU) ","T","PNW","LC","abs","T:Chinook:Upper Willamette River",19,"#1B9E77",0,156,"early",19
"157","Chinook_Washington Coast Chinook_Bear River Fall Chinook-","Washington Coast Chinook",-0.0484669166445306,"Chinook","Bear River Fall Chinook-",17,"Chinook","Washington Coast","Chinook Salmon (Washington Coast)","U","PNW","NC","abs","U:Chinook:Washington Coast",1,"#1B9E77",0,157,"late",1
"158","Chinook_Washington Coast Chinook_Calawah Fall Chinook-","Washington Coast Chinook",-0.00359201782757193,"Chinook","Calawah Fall Chinook-",17,"Chinook","Washington Coast","Chinook Salmon (Washington Coast)","U","PNW","NC","abs","U:Chinook:Washington Coast",1,"#1B9E77",0,158,"late",1
"159","Chinook_Washington Coast Chinook_Calawah Summer Chinook-","Washington Coast Chinook",0.0144511640629162,"Chinook","Calawah Summer Chinook-",17,"Chinook","Washington Coast","Chinook Salmon (Washington Coast)","U","PNW","NC","abs","U:Chinook:Washington Coast",1,"#1B9E77",1,159,"early",19
"160","Chinook_Washington Coast Chinook_Chehalis Fall Chinook-","Washington Coast Chinook",0.0044074077176904,"Chinook","Chehalis Fall Chinook-",17,"Chinook","Washington Coast","Chinook Salmon (Washington Coast)","U","PNW","NC","abs","U:Chinook:Washington Coast",1,"#1B9E77",1,160,"late",1
"161","Chinook_Washington Coast Chinook_Chehalis Spring Chinook-","Washington Coast Chinook",-0.0397094754527727,"Chinook","Chehalis Spring Chinook-",17,"Chinook","Washington Coast","Chinook Salmon (Washington Coast)","U","PNW","NC","abs","U:Chinook:Washington Coast",1,"#1B9E77",0,161,"early",19
"162","Chinook_Washington Coast Chinook_Clearwater Fall Chinook-","Washington Coast Chinook",-0.000266586674809973,"Chinook","Clearwater Fall Chinook-",17,"Chinook","Washington Coast","Chinook Salmon (Washington Coast)","U","PNW","NC","abs","U:Chinook:Washington Coast",1,"#1B9E77",0,162,"late",1
"163","Chinook_Washington Coast Chinook_Clearwater Spring/Summer Chinook-","Washington Coast Chinook",0.0659140890839943,"Chinook","Clearwater Spring/Summer Chinook-",17,"Chinook","Washington Coast","Chinook Salmon (Washington Coast)","U","PNW","NC","abs","U:Chinook:Washington Coast",1,"#1B9E77",1,163,"early",19
"164","Chinook_Washington Coast Chinook_Cook Creek Fall Chinook-","Washington Coast Chinook",0.012680761018643,"Chinook","Cook Creek Fall Chinook-",17,"Chinook","Washington Coast","Chinook Salmon (Washington Coast)","U","PNW","NC","abs","U:Chinook:Washington Coast",1,"#1B9E77",1,164,"late",1
"165","Chinook_Washington Coast Chinook_Dickey Fall Chinook-","Washington Coast Chinook",0.0285379208813671,"Chinook","Dickey Fall Chinook-",17,"Chinook","Washington Coast","Chinook Salmon (Washington Coast)","U","PNW","NC","abs","U:Chinook:Washington Coast",1,"#1B9E77",1,165,"late",1
"166","Chinook_Washington Coast Chinook_Hoh Fall Chinook-","Washington Coast Chinook",-0.0179912924990905,"Chinook","Hoh Fall Chinook-",17,"Chinook","Washington Coast","Chinook Salmon (Washington Coast)","U","PNW","NC","abs","U:Chinook:Washington Coast",1,"#1B9E77",0,166,"late",1
"167","Chinook_Washington Coast Chinook_Hoh Spring/Summer Chinook-","Washington Coast Chinook",-0.0118708899750688,"Chinook","Hoh Spring/Summer Chinook-",17,"Chinook","Washington Coast","Chinook Salmon (Washington Coast)","U","PNW","NC","abs","U:Chinook:Washington Coast",1,"#1B9E77",0,167,"early",19
"168","Chinook_Washington Coast Chinook_Hoko Fall Chinook-","Washington Coast Chinook",0.0138358401275582,"Chinook","Hoko Fall Chinook-",17,"Chinook","Washington Coast","Chinook Salmon (Washington Coast)","U","PNW","NC","abs","U:Chinook:Washington Coast",1,"#1B9E77",1,168,"late",1
"169","Chinook_Washington Coast Chinook_Hoquiam Fall Chinook-","Washington Coast Chinook",-0.052260541580608,"Chinook","Hoquiam Fall Chinook-",17,"Chinook","Washington Coast","Chinook Salmon (Washington Coast)","U","PNW","NC","abs","U:Chinook:Washington Coast",1,"#1B9E77",0,169,"late",1
"170","Chinook_Washington Coast Chinook_Humptulips Fall Chinook-","Washington Coast Chinook",0.0290946516040632,"Chinook","Humptulips Fall Chinook-",17,"Chinook","Washington Coast","Chinook Salmon (Washington Coast)","U","PNW","NC","abs","U:Chinook:Washington Coast",1,"#1B9E77",1,170,"late",1
"171","Chinook_Washington Coast Chinook_Naselle Fall Chinook-","Washington Coast Chinook",-0.0231358546988326,"Chinook","Naselle Fall Chinook-",17,"Chinook","Washington Coast","Chinook Salmon (Washington Coast)","U","PNW","NC","abs","U:Chinook:Washington Coast",1,"#1B9E77",0,171,"late",1
"172","Chinook_Washington Coast Chinook_Nemah Fall Chinook-","Washington Coast Chinook",0.110996464310673,"Chinook","Nemah Fall Chinook-",17,"Chinook","Washington Coast","Chinook Salmon (Washington Coast)","U","PNW","NC","abs","U:Chinook:Washington Coast",1,"#1B9E77",1,172,"late",1
"173","Chinook_Washington Coast Chinook_North River/Smith Creek Fall Chinook-","Washington Coast Chinook",-0.0492605088732632,"Chinook","North River/Smith Creek Fall Chinook-",17,"Chinook","Washington Coast","Chinook Salmon (Washington Coast)","U","PNW","NC","abs","U:Chinook:Washington Coast",1,"#1B9E77",0,173,"late",1
"174","Chinook_Washington Coast Chinook_Palix Fall Chinook-","Washington Coast Chinook",0.097549480088579,"Chinook","Palix Fall Chinook-",17,"Chinook","Washington Coast","Chinook Salmon (Washington Coast)","U","PNW","NC","abs","U:Chinook:Washington Coast",1,"#1B9E77",1,174,"late",1
"175","Chinook_Washington Coast Chinook_Queets Fall Chinook-","Washington Coast Chinook",-0.00514766121406098,"Chinook","Queets Fall Chinook-",17,"Chinook","Washington Coast","Chinook Salmon (Washington Coast)","U","PNW","NC","abs","U:Chinook:Washington Coast",1,"#1B9E77",0,175,"late",1
"176","Chinook_Washington Coast Chinook_Queets Spring/Summer Chinook-","Washington Coast Chinook",-0.00642272712988463,"Chinook","Queets Spring/Summer Chinook-",17,"Chinook","Washington Coast","Chinook Salmon (Washington Coast)","U","PNW","NC","abs","U:Chinook:Washington Coast",1,"#1B9E77",0,176,"early",19
"177","Chinook_Washington Coast Chinook_Quillayute/Bogachiel Fall Chinook-","Washington Coast Chinook",-0.0131101791030734,"Chinook","Quillayute/Bogachiel Fall Chinook-",17,"Chinook","Washington Coast","Chinook Salmon (Washington Coast)","U","PNW","NC","abs","U:Chinook:Washington Coast",1,"#1B9E77",0,177,"late",1
"178","Chinook_Washington Coast Chinook_Quillayute/Bogachiel Summer Chinook-","Washington Coast Chinook",0.00673829562253826,"Chinook","Quillayute/Bogachiel Summer Chinook-",17,"Chinook","Washington Coast","Chinook Salmon (Washington Coast)","U","PNW","NC","abs","U:Chinook:Washington Coast",1,"#1B9E77",1,178,"early",19
"179","Chinook_Washington Coast Chinook_Quinault Fall Chinook-","Washington Coast Chinook",-0.0133014047767316,"Chinook","Quinault Fall Chinook-",17,"Chinook","Washington Coast","Chinook Salmon (Washington Coast)","U","PNW","NC","abs","U:Chinook:Washington Coast",1,"#1B9E77",0,179,"late",1
"180","Chinook_Washington Coast Chinook_Quinault Spring/Summer Chinook-","Washington Coast Chinook",-0.0346691539242229,"Chinook","Quinault Spring/Summer Chinook-",17,"Chinook","Washington Coast","Chinook Salmon (Washington Coast)","U","PNW","NC","abs","U:Chinook:Washington Coast",1,"#1B9E77",0,180,"early",19
"181","Chinook_Washington Coast Chinook_Satsop Fall Chinook-","Washington Coast Chinook",0.000415546308217175,"Chinook","Satsop Fall Chinook-",17,"Chinook","Washington Coast","Chinook Salmon (Washington Coast)","U","PNW","NC","abs","U:Chinook:Washington Coast",1,"#1B9E77",1,181,"late",1
"182","Chinook_Washington Coast Chinook_Satsop Summer Chinook-","Washington Coast Chinook",-0.0172025741440206,"Chinook","Satsop Summer Chinook-",17,"Chinook","Washington Coast","Chinook Salmon (Washington Coast)","U","PNW","NC","abs","U:Chinook:Washington Coast",1,"#1B9E77",0,182,"early",19
"183","Chinook_Washington Coast Chinook_Sol Duc Fall Chinook-","Washington Coast Chinook",-0.0121281770280275,"Chinook","Sol Duc Fall Chinook-",17,"Chinook","Washington Coast","Chinook Salmon (Washington Coast)","U","PNW","NC","abs","U:Chinook:Washington Coast",1,"#1B9E77",0,183,"late",1
"184","Chinook_Washington Coast Chinook_Sol Duc Summer Chinook-","Washington Coast Chinook",-0.0126095382268062,"Chinook","Sol Duc Summer Chinook-",17,"Chinook","Washington Coast","Chinook Salmon (Washington Coast)","U","PNW","NC","abs","U:Chinook:Washington Coast",1,"#1B9E77",0,184,"early",19
"185","Chinook_Washington Coast Chinook_Willapa Fall Chinook-","Washington Coast Chinook",0.0242329641096596,"Chinook","Willapa Fall Chinook-",17,"Chinook","Washington Coast","Chinook Salmon (Washington Coast)","U","PNW","NC","abs","U:Chinook:Washington Coast",1,"#1B9E77",1,185,"late",1
"186","Chinook_Washington Coast Chinook_Wishkah Fall Chinook-","Washington Coast Chinook",-0.0266645659127568,"Chinook","Wishkah Fall Chinook-",17,"Chinook","Washington Coast","Chinook Salmon (Washington Coast)","U","PNW","NC","abs","U:Chinook:Washington Coast",1,"#1B9E77",0,186,"late",1
"187","Chinook_Washington Coast Chinook_Wynoochee Fall Chinook-","Washington Coast Chinook",-0.000881082762901986,"Chinook","Wynoochee Fall Chinook-",17,"Chinook","Washington Coast","Chinook Salmon (Washington Coast)","U","PNW","NC","abs","U:Chinook:Washington Coast",1,"#1B9E77",0,187,"late",1
